{
    "name": "Easy-Responsive-Tabs-to-Accordion",
    "version": "1.2.1",
    "title": "Easy responsive tabs to accordion",
    "description": "Easy responsive tabs - is a lightweight jQuery plugin which optimizes normal horizontal or vertical tabs to accordion on multi devices like: web, tablets, Mobile (IPad & IPhone)",
    "keywords": [
        "responsive-tabs",
        "tabs",
        "tabs-accordion",
        "accordion",
        "jquery-responsive-tabs",
        "ui"
    ],
    "author": {
        "name": "Samson Onna",        
        "email": "samson3d@gmail.com",
        "url": "https://github.com/samsono"
    },
    "licenses": [
        {
            "type": "MIT",
            "url": "https://github.com/samsono/Easy-Responsive-Tabs-to-Accordion/blob/master/MIT-license"
        }
    ],
    "homepage": "https://github.com/samsono/Easy-Responsive-Tabs-to-Accordion",
    "docs": "https://github.com/samsono/Easy-Responsive-Tabs-to-Accordion/blob/master/README.md",
    "demo": "http://webtrendset.com/demo/easy-responsive-tabs/Index.html",
    "download": "https://github.com/samsono/Easy-Responsive-Tabs-to-Accordion/archive/master.zip",
    "dependencies": {
        "jquery": ">1.5"
    }
}
